{"cameraMode":{"drawMode":0,"name":"Shaded","section":"Shading Mode"},"sceneLighting":true,"audioPlay":false,"sceneViewState":{"showFog":true,"showMaterialUpdate":true,"showSkybox":true,"showFlares":true,"showImageEffects":true,"showParticleSystems":true},"in2DMode":false,"pivot":{"x":-0.0821681022644043,"y":2.0576858520507814,"z":-0.045363426208496097},"rotation":{"x":0.1685882806777954,"y":0.2312326431274414,"z":-0.04070781171321869,"w":0.9573444128036499},"size":4.3608479499816898,"orthographic":false}